{
  "verdict": "PASS",
  "reason": "complete 32-ep run; last-8 mean = 0.0977 >= 0.05; auxiliary checks pass",
  "log_path": "/home/user/Javis/reports/runs/gate_a_gamma_1_1_seed1.log",
  "seed": 1,
  "epochs_observed": 32,
  "epochs_declared": 32,
  "full_run": true,
  "last8_window": [
    24,
    31
  ],
  "last8_observed_count": 8,
  "last8_observed_sum": 0.7815,
  "last8_required_sum_for_pass": 0.4,
  "last8_mean_observed": 0.097687,
  "last8_lower_bound_mean": 0.097687,
  "last8_upper_bound_mean": 0.097687,
  "longest_zero_run": 0,
  "kwta_silent_majority": false,
  "r2_collapsed": false,
  "all_top3_c1": [
    0.0312,
    0.0312,
    0.0625,
    0.0625,
    0.0938,
    0.0625,
    0.0938,
    0.0625,
    0.0312,
    0.0625,
    0.0938,
    0.0625,
    0.0625,
    0.1562,
    0.125,
    0.0625,
    0.0938,
    0.0625,
    0.0938,
    0.0625,
    0.0625,
    0.0625,
    0.0938,
    0.125,
    0.0938,
    0.125,
    0.0938,
    0.0938,
    0.0938,
    0.0938,
    0.0625,
    0.125
  ],
  "all_top3_r2": [
    0.0312,
    0.0312,
    0.0,
    0.0625,
    0.0312,
    0.0,
    0.0,
    0.0312,
    0.0312,
    0.0,
    0.0625,
    0.0625,
    0.0625,
    0.0312,
    0.0312,
    0.0312,
    0.0625,
    0.0312,
    0.0625,
    0.0625,
    0.0938,
    0.0625,
    0.0625,
    0.0,
    0.0625,
    0.0312,
    0.0312,
    0.0,
    0.0312,
    0.0938,
    0.0312,
    0.0
  ],
  "aggregate_top3_c1_observed_mean": 0.081066,
  "auxiliary_failures": []
}
