{
  "verdict": "FAIL",
  "reason": "complete run; last-8 mean = 0.0156 < 0.05",
  "log_path": "/home/user/Javis/reports/runs/gate_a_gamma_1_1_seed0.log",
  "seed": 0,
  "epochs_observed": 32,
  "epochs_declared": 32,
  "full_run": true,
  "last8_window": [
    24,
    31
  ],
  "last8_observed_count": 8,
  "last8_observed_sum": 0.1249,
  "last8_required_sum_for_pass": 0.4,
  "last8_mean_observed": 0.015613,
  "last8_lower_bound_mean": 0.015613,
  "last8_upper_bound_mean": 0.015613,
  "longest_zero_run": 2,
  "kwta_silent_majority": false,
  "r2_collapsed": false,
  "all_top3_c1": [
    0.0625,
    0.0312,
    0.0312,
    0.0938,
    0.0625,
    0.0312,
    0.0312,
    0.0625,
    0.0625,
    0.0625,
    0.0312,
    0.0312,
    0.0,
    0.0312,
    0.0312,
    0.0625,
    0.0,
    0.0625,
    0.0625,
    0.0,
    0.0312,
    0.0625,
    0.0312,
    0.0625,
    0.0,
    0.0,
    0.0625,
    0.0312,
    0.0,
    0.0,
    0.0312,
    0.0
  ],
  "all_top3_r2": [
    0.0,
    0.0,
    0.0,
    0.0,
    0.0,
    0.0312,
    0.0,
    0.0312,
    0.0,
    0.0625,
    0.0,
    0.0312,
    0.0625,
    0.0625,
    0.0625,
    0.0,
    0.0625,
    0.0625,
    0.125,
    0.0,
    0.0,
    0.125,
    0.0312,
    0.0,
    0.0312,
    0.0,
    0.0312,
    0.0312,
    0.0312,
    0.0,
    0.0625,
    0.0312
  ],
  "aggregate_top3_c1_observed_mean": 0.036116,
  "auxiliary_failures": []
}
